<?xml version="1.0" encoding="UTF-8"?>

<!DOCTYPE struts PUBLIC
"-//Apache Software Foundation//DTD Struts Configuration 2.5//EN"
"http://struts.apache.org/dtds/struts-2.5.dtd"

<struts>
    <constant name="struts.custom.i18n.resources" value="i18n" />
    <constant name="struts.locale" value="es" />
    <package name="struts2" extends="struts-default">
        <action name="say-hello" class="beans.SayHelloAction">
            <result name="success">/say-hello.jsp</result>
        </action>
    </package>
</struts>
